TH,UM_delta_hedged,SM,ME,cash_pnl,TC
0.005133965885609522,0.26766373979169716,0.8042435637149992,-0.07704126939230592,0.0,0.0
