TH,UM_delta_hedged,SM,ME
-19.92998188491999,12.48349437385983,-9.876031890483684,1.5224638952325216
